question,answer
How many urls did we scan?,12414
How many agency owners are represented?,136
How many bureau owners are represented?,221
How many domains did we scan?,925
How many final urls are represented?,10980
How many final domains are represented?,734
How many urls are from the executive branch?,11447
How many urls are from the legislative branch?,827
How many urls are from the judicial branch?,137
How many columns are in the snapshot?,105
How many cells are populated in the snapshot?,932996
How many home scans completed?,12414
How many home scans failed?,0
How many home scans failed because of a refused connection?,0
How many home scans failed because of a reset connection?,0
How many home scans failed because of dns resolution?,0
How many home scans failed because of invalid ssl certs?,0
How many home scans failed because of timeouts?,0
How many home scans failed for unknown reasons?,0
How many home scans were aborted?,0
How many home scans failed because address was unreachable?,0
How many home scans failed because connection was closed?,0
How many home scans failed because of empty response?,0
How many home scans failed because execution context was destroyed?,0
How many home scans failed because of http2 error?,0
How many home scans failed because of invalid auth credentials?,0
How many home scans failed because of invalid response?,0
How many home scans failed because of ssl protocol error?,0
How many home scans failed because of ssl version cipher mismatch?,0
How many home scans failed because of too many redirects?,0
How many final urls are html files?,12360
How many final urls are text files?,12
How many final urls are json files?,0
How many final urls are xml files?,0
How many final urls are another filetype?,42
How many urls return a 2xx server code?,12414
How many urls return a 3xx server code?,0
How many urls return a 4xx server code?,0
How many urls return a 5xx server code?,0
How many urls pass the 404 test?,7365
How many urls fail the 404 test?,5049
How many not found scans completed?,12414
How many not found scans failed?,0
How many robots.txt scans completed?,12353
How many robots.txt scans failed?,61
How many sitemap.xml scans completed?,12289
How many sitemap.xml scans failed?,125
How many DNS scans completed?,12414
How many DNS scans failed?,0
How many urls have a uswds count below 50?,9296
How many urls have a uswds count 51-100?,1421
How many urls have a uswds count 101-150?,509
How many urls have a uswds count 151+?,1161
How many urls have dap detected?,6041
How many urls don't have dap detected?,6373
How many urls weren't scanned for DAP (failed scans)?,0
How many urls have an og_title?,4114
How many urls have an og_description?,2837
How many urls have an og_title but don't have an og_description?,1300
How many urls have an og_description but don't have an og_title?,23
How many urls have an og_article_published?,358
How many urls have an og_article_modified?,848
How many urls have a main_element_present?,5651
How many urls don't have main_element_present_final_url?,6740
How many urls have a robots.txt detected?,5724
How many urls return a 2xx server code for their robots.txt?,8157
How many urls return a 3xx server code for their robots.txt?,0
How many urls return a 4xx server code for their robots.txt?,3884
How many urls return a 5xx server code for their robots.txt?,312
How many urls' robots.txt are text files?,5233
How many urls' robots.txt are another file type?,7181
How many urls' robots.txt file size were detected?,5856
How many urls' robots.txt have a crawl_delay?,843
How many urls' robots.txt link to sitemaps?,1861
How many urls have a sitemap.xml detected?,3022
How many urls return a 2xx server code for their sitemap.xml?,6110
How many urls return a 3xx server code for their sitemap.xml?,13
How many urls return a 4xx server code for their sitemap.xml?,5840
How many urls return a 5xx server code for their sitemap.xml?,326
How many urls' sitemap.xml file size were detected?,3137
How many urls' sitemap.xml are xml files?,2392
How many urls' sitemap.xml are another file type?,2392
How many urls' sitemap.xml have an item count?,3137
How many urls' sitemap.xml have a pdf count?,3137
How many urls have an AAAA record (a.k.a. are likely IPv6 compliant)?,9526
How many urls do not have an AAAA record (a.k.a. are likely not IPv6 compliant)?,2888
How many urls have third party services?,10179
How many urls have 1-5 third party services?,5232
How many urls have 6-10 third party services?,3317
How many urls have 11-20 third party services?,1397
How many urls have over 20 third party services?,276
